,product_category_name_english,customer_state,avg_freight_cost,total_late_deliveries,combined_label
0,health_beauty,SP,13.64,320.0,SP - health_beauty
1,bed_bath_table,RJ,19.56,257.0,RJ - bed_bath_table
2,bed_bath_table,SP,14.9,244.0,SP - bed_bath_table
3,furniture_decor,SP,16.17,208.0,SP - furniture_decor
4,sports_leisure,SP,14.92,198.0,SP - sports_leisure
5,housewares,SP,16.83,180.0,SP - housewares
6,computers_accessories,SP,14.55,166.0,SP - computers_accessories
7,furniture_decor,RJ,21.77,144.0,RJ - furniture_decor
8,sports_leisure,RJ,20.22,140.0,RJ - sports_leisure
9,computers_accessories,RJ,21.26,139.0,RJ - computers_accessories
10,watches_gifts,SP,12.15,123.0,SP - watches_gifts
11,watches_gifts,RJ,15.86,121.0,RJ - watches_gifts
12,auto,SP,15.12,120.0,SP - auto
13,bed_bath_table,MG,20.95,106.0,MG - bed_bath_table
14,garden_tools,RJ,24.47,98.0,RJ - garden_tools
15,health_beauty,RJ,18.18,96.0,RJ - health_beauty
16,toys,SP,14.83,94.0,SP - toys
17,telephony,SP,10.5,90.0,SP - telephony
18,perfumery,SP,12.52,88.0,SP - perfumery
19,electronics,RJ,18.45,83.0,RJ - electronics
20,housewares,RJ,22.58,74.0,RJ - housewares
21,baby,SP,16.42,74.0,SP - baby
22,garden_tools,SP,17.47,72.0,SP - garden_tools
23,toys,RJ,17.68,68.0,RJ - toys
24,cool_stuff,SP,16.4,66.0,SP - cool_stuff
25,stationery,SP,14.27,62.0,SP - stationery
26,computers_accessories,MG,18.36,60.0,MG - computers_accessories
27,baby,RJ,23.62,60.0,RJ - baby
28,cool_stuff,RJ,22.3,60.0,RJ - cool_stuff
29,health_beauty,BA,25.39,57.0,BA - health_beauty
30,health_beauty,MG,19.39,55.0,MG - health_beauty
31,bed_bath_table,RS,20.27,53.0,RS - bed_bath_table
32,office_furniture,SP,27.41,51.0,SP - office_furniture
33,telephony,RJ,16.4,51.0,RJ - telephony
34,,SP,13.23,50.0,
35,electronics,SP,11.57,49.0,SP - electronics
36,stationery,RJ,20.36,47.0,RJ - stationery
37,auto,RJ,22.58,46.0,RJ - auto
38,telephony,BA,18.18,46.0,BA - telephony
39,furniture_decor,BA,28.86,46.0,BA - furniture_decor
40,furniture_decor,SC,22.73,45.0,SC - furniture_decor
41,furniture_decor,RS,22.88,42.0,RS - furniture_decor
42,sports_leisure,MG,21.2,41.0,MG - sports_leisure
43,computers_accessories,SC,19.44,41.0,SC - computers_accessories
44,perfumery,RJ,15.16,40.0,RJ - perfumery
45,bed_bath_table,BA,24.68,39.0,BA - bed_bath_table
46,furniture_decor,MG,21.14,38.0,MG - furniture_decor
47,housewares,MG,22.18,38.0,MG - housewares
48,bed_bath_table,ES,19.53,37.0,ES - bed_bath_table
49,sports_leisure,BA,26.07,37.0,BA - sports_leisure
50,bed_bath_table,SC,19.83,37.0,SC - bed_bath_table
51,fashion_bags_accessories,SP,11.31,36.0,SP - fashion_bags_accessories
52,office_furniture,RJ,42.04,36.0,RJ - office_furniture
53,bed_bath_table,GO,20.73,35.0,GO - bed_bath_table
54,watches_gifts,MG,17.1,34.0,MG - watches_gifts
55,construction_tools_construction,SP,16.31,34.0,SP - construction_tools_construction
56,health_beauty,RS,20.75,34.0,RS - health_beauty
57,auto,MG,22.22,33.0,MG - auto
58,sports_leisure,RS,20.32,33.0,RS - sports_leisure
59,pet_shop,SP,16.55,32.0,SP - pet_shop
60,furniture_decor,PR,22.23,31.0,PR - furniture_decor
61,health_beauty,PE,34.67,31.0,PE - health_beauty
62,housewares,RS,22.7,30.0,RS - housewares
63,baby,MG,23.31,30.0,MG - baby
64,health_beauty,SC,20.4,29.0,SC - health_beauty
65,health_beauty,CE,33.89,29.0,CE - health_beauty
66,housewares,SC,23.58,29.0,SC - housewares
67,computers_accessories,RS,19.66,28.0,RS - computers_accessories
68,telephony,MG,16.26,28.0,MG - telephony
69,toys,MG,19.73,28.0,MG - toys
70,pet_shop,RJ,19.84,28.0,RJ - pet_shop
71,watches_gifts,BA,20.74,28.0,BA - watches_gifts
72,food,SP,10.49,27.0,SP - food
73,consoles_games,SP,13.22,27.0,SP - consoles_games
74,auto,BA,28.39,26.0,BA - auto
75,bed_bath_table,DF,19.47,26.0,DF - bed_bath_table
76,health_beauty,MA,31.81,25.0,MA - health_beauty
77,health_beauty,DF,19.13,25.0,DF - health_beauty
78,garden_tools,MG,21.19,25.0,MG - garden_tools
79,health_beauty,ES,22.04,24.0,ES - health_beauty
80,electronics,MG,18.49,23.0,MG - electronics
81,,RJ,17.53,23.0,
82,health_beauty,GO,21.8,23.0,GO - health_beauty
83,sports_leisure,ES,21.98,23.0,ES - sports_leisure
84,garden_tools,BA,31.44,22.0,BA - garden_tools
85,home_appliances,SP,14.0,22.0,SP - home_appliances
86,bed_bath_table,CE,30.97,21.0,CE - bed_bath_table
87,construction_tools_construction,RJ,26.31,21.0,RJ - construction_tools_construction
88,sports_leisure,PR,18.95,21.0,PR - sports_leisure
89,home_construction,SP,15.23,21.0,SP - home_construction
90,watches_gifts,RS,17.16,21.0,RS - watches_gifts
91,perfumery,MG,16.34,21.0,MG - perfumery
92,sports_leisure,SC,20.31,20.0,SC - sports_leisure
93,telephony,SC,16.47,20.0,SC - telephony
94,furniture_decor,DF,21.7,20.0,DF - furniture_decor
95,bed_bath_table,PR,20.38,20.0,PR - bed_bath_table
96,cool_stuff,RS,22.7,19.0,RS - cool_stuff
97,health_beauty,AL,33.17,19.0,AL - health_beauty
98,watches_gifts,CE,25.98,19.0,CE - watches_gifts
99,cool_stuff,MG,22.16,19.0,MG - cool_stuff
100,toys,BA,25.99,19.0,BA - toys
101,computers_accessories,BA,23.32,19.0,BA - computers_accessories
102,consoles_games,RJ,16.73,18.0,RJ - consoles_games
103,furniture_decor,ES,23.5,18.0,ES - furniture_decor
104,computers_accessories,PR,17.89,18.0,PR - computers_accessories
105,watches_gifts,PE,27.61,18.0,PE - watches_gifts
106,garden_tools,RS,23.63,17.0,RS - garden_tools
107,computers_accessories,DF,20.76,17.0,DF - computers_accessories
108,sports_leisure,GO,21.92,17.0,GO - sports_leisure
109,luggage_accessories,SP,22.54,17.0,SP - luggage_accessories
110,fashion_bags_accessories,RJ,16.39,17.0,RJ - fashion_bags_accessories
111,health_beauty,PR,18.33,17.0,PR - health_beauty
112,electronics,BA,22.39,16.0,BA - electronics
113,toys,RS,21.51,16.0,RS - toys
114,telephony,ES,16.18,16.0,ES - telephony
115,watches_gifts,ES,17.33,16.0,ES - watches_gifts
116,musical_instruments,SP,19.83,16.0,SP - musical_instruments
117,computers_accessories,CE,28.84,15.0,CE - computers_accessories
118,sports_leisure,PA,36.22,15.0,PA - sports_leisure
119,housewares,ES,25.95,15.0,ES - housewares
120,health_beauty,PA,38.04,15.0,PA - health_beauty
121,musical_instruments,RJ,27.02,15.0,RJ - musical_instruments
122,computers_accessories,ES,21.34,15.0,ES - computers_accessories
123,garden_tools,SC,22.86,15.0,SC - garden_tools
124,telephony,CE,23.12,15.0,CE - telephony
125,pet_shop,MG,21.44,15.0,MG - pet_shop
126,home_confort,SP,16.12,15.0,SP - home_confort
127,luggage_accessories,RJ,29.68,14.0,RJ - luggage_accessories
128,watches_gifts,MA,33.16,14.0,MA - watches_gifts
129,auto,PR,24.62,14.0,PR - auto
130,books_general_interest,SP,12.96,14.0,SP - books_general_interest
131,baby,RS,24.98,14.0,RS - baby
132,books_technical,SP,11.43,14.0,SP - books_technical
133,stationery,BA,21.63,14.0,BA - stationery
134,cool_stuff,SC,21.14,14.0,SC - cool_stuff
135,sports_leisure,CE,32.1,14.0,CE - sports_leisure
136,baby,BA,30.68,14.0,BA - baby
137,stationery,MG,17.43,13.0,MG - stationery
138,sports_leisure,MA,37.8,13.0,MA - sports_leisure
139,housewares,BA,32.36,13.0,BA - housewares
140,garden_tools,CE,33.21,13.0,CE - garden_tools
141,small_appliances,SP,17.84,13.0,SP - small_appliances
142,fashion_bags_accessories,MG,15.2,13.0,MG - fashion_bags_accessories
143,furniture_decor,MA,36.65,13.0,MA - furniture_decor
144,furniture_living_room,RJ,36.4,13.0,RJ - furniture_living_room
145,housewares,MA,37.4,13.0,MA - housewares
146,stationery,RS,19.24,13.0,RS - stationery
147,furniture_decor,GO,23.3,13.0,GO - furniture_decor
148,electronics,RS,16.83,13.0,RS - electronics
149,perfumery,SC,16.94,13.0,SC - perfumery
150,auto,RS,23.89,13.0,RS - auto
151,cool_stuff,BA,27.08,13.0,BA - cool_stuff
152,garden_tools,ES,26.93,13.0,ES - garden_tools
153,telephony,MA,27.28,12.0,MA - telephony
154,auto,SC,25.11,12.0,SC - auto
155,watches_gifts,PR,17.03,12.0,PR - watches_gifts
156,toys,PR,19.31,12.0,PR - toys
157,audio,RJ,16.75,12.0,RJ - audio
158,construction_tools_lights,SP,17.52,12.0,SP - construction_tools_lights
159,sports_leisure,PE,33.83,12.0,PE - sports_leisure
160,housewares,PR,22.18,12.0,PR - housewares
161,drinks,SP,11.52,12.0,SP - drinks
162,art,SP,15.58,12.0,SP - art
163,electronics,SC,17.53,11.0,SC - electronics
164,computers_accessories,PE,27.74,11.0,PE - computers_accessories
165,furniture_living_room,SP,27.66,11.0,SP - furniture_living_room
166,home_confort,RJ,20.85,11.0,RJ - home_confort
167,cool_stuff,ES,23.9,11.0,ES - cool_stuff
168,computers_accessories,MA,33.86,11.0,MA - computers_accessories
169,,SC,17.58,11.0,
170,telephony,PE,24.27,11.0,PE - telephony
171,watches_gifts,SC,16.15,11.0,SC - watches_gifts
172,,GO,19.28,10.0,
173,telephony,PA,26.35,10.0,PA - telephony
174,health_beauty,MS,23.55,10.0,MS - health_beauty
175,computers_accessories,GO,23.55,10.0,GO - computers_accessories
176,baby,DF,23.03,10.0,DF - baby
177,garden_tools,PR,23.86,10.0,PR - garden_tools
178,,MG,17.79,10.0,
179,electronics,ES,20.78,10.0,ES - electronics
180,health_beauty,PI,38.68,10.0,PI - health_beauty
181,home_construction,RJ,21.31,10.0,RJ - home_construction
182,auto,CE,42.0,10.0,CE - auto
183,audio,SP,10.88,10.0,SP - audio
184,telephony,PR,15.96,10.0,PR - telephony
185,watches_gifts,PA,30.1,10.0,PA - watches_gifts
186,office_furniture,BA,49.6,10.0,BA - office_furniture
187,fashion_bags_accessories,SC,18.44,10.0,SC - fashion_bags_accessories
188,auto,PA,39.54,9.0,PA - auto
189,furniture_decor,AL,44.03,9.0,AL - furniture_decor
190,sports_leisure,DF,20.41,9.0,DF - sports_leisure
191,,RS,21.72,9.0,
192,telephony,GO,16.56,9.0,GO - telephony
193,food_drink,RJ,18.67,9.0,RJ - food_drink
194,telephony,RS,17.08,9.0,RS - telephony
195,perfumery,PR,15.98,9.0,PR - perfumery
196,auto,ES,22.47,9.0,ES - auto
197,health_beauty,PB,40.6,9.0,PB - health_beauty
198,garden_tools,GO,24.5,9.0,GO - garden_tools
199,perfumery,CE,25.39,8.0,CE - perfumery
200,garden_tools,SE,38.83,8.0,SE - garden_tools
201,perfumery,RS,18.25,8.0,RS - perfumery
202,stationery,SC,22.32,8.0,SC - stationery
203,computers_accessories,PB,30.59,8.0,PB - computers_accessories
204,bed_bath_table,PE,35.52,8.0,PE - bed_bath_table
205,watches_gifts,DF,19.32,8.0,DF - watches_gifts
206,electronics,PR,15.75,8.0,PR - electronics
207,bed_bath_table,MS,19.88,8.0,MS - bed_bath_table
208,toys,CE,31.29,8.0,CE - toys
209,computers_accessories,AL,31.89,8.0,AL - computers_accessories
210,auto,PI,52.69,8.0,PI - auto
211,health_beauty,TO,34.09,8.0,TO - health_beauty
212,pet_shop,PR,18.91,8.0,PR - pet_shop
213,garden_tools,PA,47.73,8.0,PA - garden_tools
214,cool_stuff,MA,41.99,8.0,MA - cool_stuff
215,office_furniture,MA,88.95,8.0,MA - office_furniture
216,watches_gifts,GO,18.87,8.0,GO - watches_gifts
217,watches_gifts,PI,31.89,8.0,PI - watches_gifts
218,health_beauty,SE,32.47,8.0,SE - health_beauty
219,electronics,CE,27.33,8.0,CE - electronics
220,baby,SC,26.57,8.0,SC - baby
221,watches_gifts,AL,29.99,7.0,AL - watches_gifts
222,books_technical,ES,17.35,7.0,ES - books_technical
223,pet_shop,RS,25.84,7.0,RS - pet_shop
224,auto,MA,44.27,7.0,MA - auto
225,fashion_bags_accessories,PR,16.17,7.0,PR - fashion_bags_accessories
226,baby,PR,22.38,7.0,PR - baby
227,furniture_decor,RN,38.77,7.0,RN - furniture_decor
228,industry_commerce_and_business,SP,22.24,7.0,SP - industry_commerce_and_business
229,perfumery,PE,28.55,7.0,PE - perfumery
230,cool_stuff,PE,35.62,7.0,PE - cool_stuff
231,telephony,AL,27.13,7.0,AL - telephony
232,,CE,27.21,7.0,
233,health_beauty,MT,28.0,7.0,MT - health_beauty
234,baby,CE,36.66,7.0,CE - baby
235,perfumery,MT,20.08,7.0,MT - perfumery
236,furniture_decor,CE,33.39,7.0,CE - furniture_decor
237,signaling_and_security,SP,18.24,7.0,SP - signaling_and_security
238,pet_shop,SC,20.68,7.0,SC - pet_shop
239,bed_bath_table,MA,38.61,7.0,MA - bed_bath_table
240,toys,ES,19.43,7.0,ES - toys
241,auto,PE,32.89,7.0,PE - auto
242,office_furniture,PR,48.7,7.0,PR - office_furniture
243,cool_stuff,PR,21.02,7.0,PR - cool_stuff
244,furniture_decor,PE,29.17,7.0,PE - furniture_decor
245,furniture_decor,PB,43.33,7.0,PB - furniture_decor
246,baby,PE,34.74,7.0,PE - baby
247,furniture_decor,SE,45.01,7.0,SE - furniture_decor
248,computers_accessories,PA,32.94,7.0,PA - computers_accessories
249,cool_stuff,PA,33.89,7.0,PA - cool_stuff
250,fashion_bags_accessories,BA,19.45,7.0,BA - fashion_bags_accessories
251,fashion_underwear_beach,RJ,15.41,7.0,RJ - fashion_underwear_beach
252,garden_tools,MA,41.29,7.0,MA - garden_tools
253,books_general_interest,RJ,15.9,7.0,RJ - books_general_interest
254,perfumery,BA,21.59,7.0,BA - perfumery
255,bed_bath_table,PI,39.76,7.0,PI - bed_bath_table
256,furniture_decor,MT,27.06,6.0,MT - furniture_decor
257,watches_gifts,MS,17.37,6.0,MS - watches_gifts
258,,BA,26.96,6.0,
259,perfumery,ES,16.96,6.0,ES - perfumery
260,air_conditioning,RJ,23.72,6.0,RJ - air_conditioning
261,housewares,CE,38.34,6.0,CE - housewares
262,small_appliances,RJ,26.07,6.0,RJ - small_appliances
263,perfumery,AL,31.44,6.0,AL - perfumery
264,construction_tools_construction,MG,21.46,6.0,MG - construction_tools_construction
265,consoles_games,BA,20.67,6.0,BA - consoles_games
266,baby,ES,24.75,6.0,ES - baby
267,christmas_supplies,PA,38.37,6.0,PA - christmas_supplies
268,office_furniture,MG,46.13,6.0,MG - office_furniture
269,perfumery,DF,16.17,6.0,DF - perfumery
270,watches_gifts,SE,29.75,6.0,SE - watches_gifts
271,toys,PE,32.19,6.0,PE - toys
272,consoles_games,RS,18.94,6.0,RS - consoles_games
273,telephony,PI,29.25,6.0,PI - telephony
274,construction_tools_lights,SC,21.91,6.0,SC - construction_tools_lights
275,musical_instruments,MG,29.24,6.0,MG - musical_instruments
276,toys,SC,20.04,6.0,SC - toys
277,furniture_decor,PA,41.12,6.0,PA - furniture_decor
278,sports_leisure,MT,25.72,6.0,MT - sports_leisure
279,fashion_bags_accessories,PA,25.81,6.0,PA - fashion_bags_accessories
280,luggage_accessories,BA,34.04,5.0,BA - luggage_accessories
281,toys,MT,31.38,5.0,MT - toys
282,watches_gifts,RN,32.56,5.0,RN - watches_gifts
283,costruction_tools_garden,SP,17.49,5.0,SP - costruction_tools_garden
284,auto,DF,24.15,5.0,DF - auto
285,home_appliances,RJ,19.86,5.0,RJ - home_appliances
286,electronics,DF,16.47,5.0,DF - electronics
287,computers_accessories,RO,35.51,5.0,RO - computers_accessories
288,small_appliances,MG,23.72,5.0,MG - small_appliances
289,stationery,PA,29.79,5.0,PA - stationery
290,market_place,SP,12.74,5.0,SP - market_place
291,computers,SP,40.31,5.0,SP - computers
292,perfumery,GO,17.51,5.0,GO - perfumery
293,consoles_games,SC,19.3,5.0,SC - consoles_games
294,cool_stuff,GO,29.05,5.0,GO - cool_stuff
295,pet_shop,BA,22.53,5.0,BA - pet_shop
296,stationery,GO,20.62,5.0,GO - stationery
297,home_appliances,MG,19.23,5.0,MG - home_appliances
298,stationery,CE,31.66,5.0,CE - stationery
299,electronics,PE,22.91,5.0,PE - electronics
300,construction_tools_safety,SP,14.34,5.0,SP - construction_tools_safety
301,luggage_accessories,MG,24.42,5.0,MG - luggage_accessories
302,furniture_decor,PI,40.62,5.0,PI - furniture_decor
303,home_appliances,PR,23.43,5.0,PR - home_appliances
304,office_furniture,SC,44.32,5.0,SC - office_furniture
305,bed_bath_table,PA,28.72,5.0,PA - bed_bath_table
306,telephony,SE,23.78,5.0,SE - telephony
307,baby,PA,37.56,5.0,PA - baby
308,office_furniture,PI,63.61,5.0,PI - office_furniture
309,sports_leisure,MS,21.64,5.0,MS - sports_leisure
310,electronics,MS,19.02,5.0,MS - electronics
311,,PE,28.64,5.0,
312,construction_tools_lights,RJ,22.65,5.0,RJ - construction_tools_lights
313,electronics,AL,29.15,5.0,AL - electronics
314,auto,MS,31.33,5.0,MS - auto
315,,ES,16.14,4.0,
316,office_furniture,CE,62.48,4.0,CE - office_furniture
317,stationery,DF,18.73,4.0,DF - stationery
318,garden_tools,PE,34.25,4.0,PE - garden_tools
319,furniture_decor,MS,20.78,4.0,MS - furniture_decor
320,watches_gifts,MT,22.81,4.0,MT - watches_gifts
321,garden_tools,PB,49.27,4.0,PB - garden_tools
322,telephony,DF,15.69,4.0,DF - telephony
323,toys,AL,30.51,4.0,AL - toys
324,home_appliances_2,RJ,35.25,4.0,RJ - home_appliances_2
325,furniture_living_room,MA,190.49,4.0,MA - furniture_living_room
326,furniture_living_room,MG,33.25,4.0,MG - furniture_living_room
327,food,RJ,16.69,4.0,RJ - food
328,toys,DF,21.21,4.0,DF - toys
329,telephony,MT,19.23,4.0,MT - telephony
330,musical_instruments,BA,41.73,4.0,BA - musical_instruments
331,home_construction,MG,25.41,4.0,MG - home_construction
332,computers_accessories,TO,33.34,4.0,TO - computers_accessories
333,fashion_bags_accessories,DF,16.18,4.0,DF - fashion_bags_accessories
334,telephony,MS,16.67,4.0,MS - telephony
335,baby,MA,40.86,4.0,MA - baby
336,audio,BA,18.92,4.0,BA - audio
337,consoles_games,PE,34.15,4.0,PE - consoles_games
338,sports_leisure,PI,37.37,4.0,PI - sports_leisure
339,industry_commerce_and_business,RJ,29.29,4.0,RJ - industry_commerce_and_business
340,electronics,PI,33.07,4.0,PI - electronics
341,housewares,DF,21.78,4.0,DF - housewares
342,furniture_bedroom,SP,34.39,4.0,SP - furniture_bedroom
343,food,MG,16.83,4.0,MG - food
344,home_appliances,DF,23.28,4.0,DF - home_appliances
345,small_appliances,BA,28.65,4.0,BA - small_appliances
346,home_construction,RS,27.13,4.0,RS - home_construction
347,fashion_bags_accessories,ES,17.08,4.0,ES - fashion_bags_accessories
348,watches_gifts,TO,31.67,4.0,TO - watches_gifts
349,housewares,MS,32.79,4.0,MS - housewares
350,auto,SE,39.99,4.0,SE - auto
351,cool_stuff,DF,21.25,4.0,DF - cool_stuff
352,baby,PB,43.68,4.0,PB - baby
353,audio,AL,25.04,4.0,AL - audio
354,perfumery,RN,36.29,4.0,RN - perfumery
355,small_appliances,RS,26.93,4.0,RS - small_appliances
356,housewares,PB,35.97,4.0,PB - housewares
357,consoles_games,MG,16.77,4.0,MG - consoles_games
358,electronics,MT,19.76,4.0,MT - electronics
359,fixed_telephony,SP,12.83,4.0,SP - fixed_telephony
360,kitchen_dining_laundry_garden_furniture,SP,35.81,4.0,SP - kitchen_dining_laundry_garden_furniture
361,auto,AL,35.87,4.0,AL - auto
362,health_beauty,RN,40.21,4.0,RN - health_beauty
363,sports_leisure,AL,33.13,4.0,AL - sports_leisure
364,computers_accessories,PI,34.24,4.0,PI - computers_accessories
365,housewares,SE,30.91,4.0,SE - housewares
366,toys,MS,22.11,3.0,MS - toys
367,home_construction,MS,29.27,3.0,MS - home_construction
368,office_furniture,RS,42.72,3.0,RS - office_furniture
369,pet_shop,PE,37.5,3.0,PE - pet_shop
370,housewares,GO,28.82,3.0,GO - housewares
371,home_confort,RS,21.27,3.0,RS - home_confort
372,housewares,PI,56.55,3.0,PI - housewares
373,musical_instruments,RS,30.99,3.0,RS - musical_instruments
374,food,BA,21.13,3.0,BA - food
375,electronics,MA,30.55,3.0,MA - electronics
376,office_furniture,PE,69.98,3.0,PE - office_furniture
377,cool_stuff,SE,59.77,3.0,SE - cool_stuff
378,toys,RN,31.6,3.0,RN - toys
379,books_technical,RJ,18.3,3.0,RJ - books_technical
380,garden_tools,PI,35.57,3.0,PI - garden_tools
381,construction_tools_construction,RS,22.46,3.0,RS - construction_tools_construction
382,stationery,MS,19.31,3.0,MS - stationery
383,fashion_underwear_beach,SP,11.68,3.0,SP - fashion_underwear_beach
384,auto,RN,39.98,3.0,RN - auto
385,small_appliances,PR,22.4,3.0,PR - small_appliances
386,home_confort,BA,27.9,3.0,BA - home_confort
387,consoles_games,PA,37.58,3.0,PA - consoles_games
388,christmas_supplies,RJ,19.23,3.0,RJ - christmas_supplies
389,fashion_male_clothing,BA,20.27,3.0,BA - fashion_male_clothing
390,costruction_tools_garden,RJ,21.49,3.0,RJ - costruction_tools_garden
391,home_appliances_2,SP,38.51,3.0,SP - home_appliances_2
392,books_general_interest,RS,18.29,3.0,RS - books_general_interest
393,telephony,TO,29.87,3.0,TO - telephony
394,computers_accessories,MS,22.19,3.0,MS - computers_accessories
395,stationery,ES,20.77,3.0,ES - stationery
396,fashion_bags_accessories,CE,24.61,3.0,CE - fashion_bags_accessories
397,bed_bath_table,AL,40.44,3.0,AL - bed_bath_table
398,fashion_bags_accessories,RS,17.28,3.0,RS - fashion_bags_accessories
399,sports_leisure,PB,37.45,3.0,PB - sports_leisure
400,electronics,SE,31.46,3.0,SE - electronics
401,fashion_bags_accessories,GO,18.61,3.0,GO - fashion_bags_accessories
402,construction_tools_lights,MG,34.32,3.0,MG - construction_tools_lights
403,electronics,PB,38.18,3.0,PB - electronics
404,toys,GO,19.73,3.0,GO - toys
405,baby,GO,30.59,3.0,GO - baby
406,auto,PB,60.09,3.0,PB - auto
407,kitchen_dining_laundry_garden_furniture,RJ,52.48,3.0,RJ - kitchen_dining_laundry_garden_furniture
408,toys,PB,40.89,3.0,PB - toys
409,electronics,GO,17.51,3.0,GO - electronics
410,garden_tools,AL,35.73,3.0,AL - garden_tools
411,sports_leisure,TO,52.4,3.0,TO - sports_leisure
412,luggage_accessories,DF,26.08,3.0,DF - luggage_accessories
413,agro_industry_and_commerce,RJ,28.09,3.0,RJ - agro_industry_and_commerce
414,pet_shop,MT,37.68,3.0,MT - pet_shop
415,books_general_interest,BA,20.48,3.0,BA - books_general_interest
416,,PR,17.03,3.0,
417,air_conditioning,SP,19.32,3.0,SP - air_conditioning
418,luggage_accessories,AL,36.75,3.0,AL - luggage_accessories
419,stationery,PB,41.5,3.0,PB - stationery
420,consoles_games,GO,18.26,3.0,GO - consoles_games
421,telephony,PB,30.32,3.0,PB - telephony
422,consoles_games,ES,18.3,3.0,ES - consoles_games
423,food,PR,18.64,3.0,PR - food
424,market_place,RJ,17.43,3.0,RJ - market_place
425,toys,PI,32.96,3.0,PI - toys
426,telephony,RN,30.4,3.0,RN - telephony
427,auto,MT,31.73,3.0,MT - auto
428,musical_instruments,ES,20.34,3.0,ES - musical_instruments
429,toys,PA,29.38,3.0,PA - toys
430,garden_tools,TO,34.0,3.0,TO - garden_tools
431,perfumery,PI,34.88,3.0,PI - perfumery
432,audio,ES,16.18,3.0,ES - audio
433,fashion_bags_accessories,MS,17.61,2.0,MS - fashion_bags_accessories
434,christmas_supplies,PE,39.44,2.0,PE - christmas_supplies
435,cool_stuff,CE,38.51,2.0,CE - cool_stuff
436,home_appliances,ES,18.9,2.0,ES - home_appliances
437,stationery,MA,30.32,2.0,MA - stationery
438,baby,MS,22.4,2.0,MS - baby
439,costruction_tools_garden,SC,16.81,2.0,SC - costruction_tools_garden
440,food,ES,18.24,2.0,ES - food
441,consoles_games,AL,42.13,2.0,AL - consoles_games
442,tablets_printing_image,SP,9.46,2.0,SP - tablets_printing_image
443,books_general_interest,PR,16.91,2.0,PR - books_general_interest
444,bed_bath_table,SE,39.84,2.0,SE - bed_bath_table
445,costruction_tools_garden,MG,23.38,2.0,MG - costruction_tools_garden
446,luggage_accessories,ES,38.62,2.0,ES - luggage_accessories
447,fashion_shoes,AL,30.21,2.0,AL - fashion_shoes
448,fashion_sport,SP,13.06,2.0,SP - fashion_sport
449,construction_tools_construction,BA,34.57,2.0,BA - construction_tools_construction
450,furniture_mattress_and_upholstery,SP,39.92,2.0,SP - furniture_mattress_and_upholstery
451,pet_shop,CE,27.14,2.0,CE - pet_shop
452,furniture_bedroom,BA,90.04,2.0,BA - furniture_bedroom
453,baby,RN,30.17,2.0,RN - baby
454,office_furniture,TO,92.77,2.0,TO - office_furniture
455,fashio_female_clothing,PB,21.18,2.0,PB - fashio_female_clothing
456,market_place,MG,17.73,2.0,MG - market_place
457,luggage_accessories,PE,56.96,2.0,PE - luggage_accessories
458,sports_leisure,RN,38.31,2.0,RN - sports_leisure
459,electronics,RN,35.81,2.0,RN - electronics
460,stationery,MT,25.81,2.0,MT - stationery
461,office_furniture,ES,54.85,2.0,ES - office_furniture
462,construction_tools_lights,MS,29.47,2.0,MS - construction_tools_lights
463,perfumery,MS,16.84,2.0,MS - perfumery
464,garden_tools,RN,37.08,2.0,RN - garden_tools
465,musical_instruments,PR,26.79,2.0,PR - musical_instruments
466,telephony,AM,26.24,2.0,AM - telephony
467,home_appliances_2,MG,43.68,2.0,MG - home_appliances_2
468,cool_stuff,MT,26.5,2.0,MT - cool_stuff
469,tablets_printing_image,RJ,15.15,2.0,RJ - tablets_printing_image
470,office_furniture,MT,60.4,2.0,MT - office_furniture
471,audio,PR,17.95,2.0,PR - audio
472,luggage_accessories,SC,35.26,2.0,SC - luggage_accessories
473,computers_accessories,MT,30.05,2.0,MT - computers_accessories
474,tablets_printing_image,BA,18.7,2.0,BA - tablets_printing_image
475,furniture_living_room,PE,34.93,2.0,PE - furniture_living_room
476,baby,TO,35.48,2.0,TO - baby
477,sports_leisure,RO,39.37,2.0,RO - sports_leisure
478,housewares,MT,25.85,2.0,MT - housewares
479,construction_tools_safety,MG,19.54,2.0,MG - construction_tools_safety
480,sports_leisure,SE,35.82,2.0,SE - sports_leisure
481,party_supplies,RJ,15.5,2.0,RJ - party_supplies
482,fashion_shoes,BA,22.23,2.0,BA - fashion_shoes
483,art,RJ,20.35,2.0,RJ - art
484,,MT,17.39,2.0,
485,furniture_decor,TO,38.15,2.0,TO - furniture_decor
486,home_construction,GO,40.31,2.0,GO - home_construction
487,furniture_decor,AP,34.56,2.0,AP - furniture_decor
488,audio,SC,17.91,2.0,SC - audio
489,home_appliances,AL,45.83,2.0,AL - home_appliances
490,toys,TO,32.61,2.0,TO - toys
491,musical_instruments,SC,20.7,2.0,SC - musical_instruments
492,construction_tools_construction,MS,14.44,2.0,MS - construction_tools_construction
493,office_furniture,DF,46.67,2.0,DF - office_furniture
494,fashion_bags_accessories,PE,25.79,2.0,PE - fashion_bags_accessories
495,industry_commerce_and_business,GO,39.79,2.0,GO - industry_commerce_and_business
496,consoles_games,CE,38.71,2.0,CE - consoles_games
497,computers,PE,62.81,2.0,PE - computers
498,cool_stuff,RN,41.34,2.0,RN - cool_stuff
499,housewares,PA,41.3,2.0,PA - housewares
500,drinks,RS,20.76,2.0,RS - drinks
501,office_furniture,RN,99.49,2.0,RN - office_furniture
502,watches_gifts,PB,34.88,2.0,PB - watches_gifts
503,christmas_supplies,MS,16.45,2.0,MS - christmas_supplies
504,food,SC,16.64,2.0,SC - food
505,home_comfort_2,GO,15.94,2.0,GO - home_comfort_2
506,computers_accessories,RN,32.69,2.0,RN - computers_accessories
507,luggage_accessories,MA,63.8,2.0,MA - luggage_accessories
508,fashion_bags_accessories,PB,39.33,2.0,PB - fashion_bags_accessories
509,home_appliances,SC,23.12,2.0,SC - home_appliances
510,pet_shop,MS,22.65,2.0,MS - pet_shop
511,audio,MT,21.69,2.0,MT - audio
512,health_beauty,RR,36.25,2.0,RR - health_beauty
513,baby,SE,54.12,2.0,SE - baby
514,construction_tools_construction,PR,25.69,2.0,PR - construction_tools_construction
515,stationery,PE,33.1,2.0,PE - stationery
516,fashion_male_clothing,SP,12.37,2.0,SP - fashion_male_clothing
517,audio,MG,17.34,2.0,MG - audio
518,housewares,RN,33.17,2.0,RN - housewares
519,audio,DF,17.14,2.0,DF - audio
520,computers,BA,38.22,2.0,BA - computers
521,fashion_underwear_beach,BA,18.37,2.0,BA - fashion_underwear_beach
522,costruction_tools_garden,CE,38.44,2.0,CE - costruction_tools_garden
523,garden_tools,DF,23.69,2.0,DF - garden_tools
524,perfumery,PA,27.52,2.0,PA - perfumery
525,fashion_shoes,MG,17.87,2.0,MG - fashion_shoes
526,food,PE,19.24,2.0,PE - food
527,fashion_underwear_beach,SC,17.09,2.0,SC - fashion_underwear_beach
528,market_place,SC,16.88,2.0,SC - market_place
529,signaling_and_security,SE,24.72,2.0,SE - signaling_and_security
530,construction_tools_safety,RJ,18.46,2.0,RJ - construction_tools_safety
531,food_drink,SP,13.63,2.0,SP - food_drink
532,fashion_shoes,SP,14.28,2.0,SP - fashion_shoes
533,stationery,PR,20.09,2.0,PR - stationery
534,home_confort,ES,18.1,2.0,ES - home_confort
535,books_general_interest,SC,16.55,2.0,SC - books_general_interest
536,food_drink,MG,16.77,2.0,MG - food_drink
537,pet_shop,GO,25.3,2.0,GO - pet_shop
538,stationery,RN,38.6,2.0,RN - stationery
539,agro_industry_and_commerce,SP,20.06,1.0,SP - agro_industry_and_commerce
540,food_drink,PR,17.64,1.0,PR - food_drink
541,fashion_shoes,RN,48.45,1.0,RN - fashion_shoes
542,industry_commerce_and_business,SC,30.16,1.0,SC - industry_commerce_and_business
543,luggage_accessories,PI,46.94,1.0,PI - luggage_accessories
544,home_appliances,AM,48.02,1.0,AM - home_appliances
545,small_appliances,SC,29.62,1.0,SC - small_appliances
546,costruction_tools_tools,RJ,18.59,1.0,RJ - costruction_tools_tools
547,furniture_mattress_and_upholstery,SC,65.43,1.0,SC - furniture_mattress_and_upholstery
548,home_confort,PE,28.69,1.0,PE - home_confort
549,home_appliances_2,ES,32.93,1.0,ES - home_appliances_2
550,musical_instruments,PE,47.68,1.0,PE - musical_instruments
551,consoles_games,PR,17.0,1.0,PR - consoles_games
552,fashion_bags_accessories,AL,32.86,1.0,AL - fashion_bags_accessories
553,kitchen_dining_laundry_garden_furniture,PR,45.21,1.0,PR - kitchen_dining_laundry_garden_furniture
554,fashion_bags_accessories,MT,21.14,1.0,MT - fashion_bags_accessories
555,books_general_interest,MT,21.84,1.0,MT - books_general_interest
556,kitchen_dining_laundry_garden_furniture,RN,42.82,1.0,RN - kitchen_dining_laundry_garden_furniture
557,audio,PB,24.55,1.0,PB - audio
558,drinks,PR,19.99,1.0,PR - drinks
559,pet_shop,PB,31.89,1.0,PB - pet_shop
560,food,AM,38.01,1.0,AM - food
561,fashion_shoes,PR,13.88,1.0,PR - fashion_shoes
562,books_technical,TO,26.63,1.0,TO - books_technical
563,musical_instruments,SE,46.92,1.0,SE - musical_instruments
564,home_confort,PB,53.16,1.0,PB - home_confort
565,music,PR,14.74,1.0,PR - music
566,fashion_underwear_beach,MS,16.82,1.0,MS - fashion_underwear_beach
567,electronics,PA,33.94,1.0,PA - electronics
568,,PI,37.86,1.0,
569,diapers_and_hygiene,SP,12.74,1.0,SP - diapers_and_hygiene
570,small_appliances,MA,28.95,1.0,MA - small_appliances
571,bed_bath_table,PB,38.96,1.0,PB - bed_bath_table
572,computers_accessories,SE,25.98,1.0,SE - computers_accessories
573,fashion_bags_accessories,RN,37.85,1.0,RN - fashion_bags_accessories
574,christmas_supplies,CE,39.55,1.0,CE - christmas_supplies
575,toys,AC,27.75,1.0,AC - toys
576,drinks,AL,34.15,1.0,AL - drinks
577,home_construction,PR,22.14,1.0,PR - home_construction
578,books_technical,PI,14.75,1.0,PI - books_technical
579,furniture_decor,AC,35.85,1.0,AC - furniture_decor
580,home_confort,CE,28.19,1.0,CE - home_confort
581,home_comfort_2,SP,11.98,1.0,SP - home_comfort_2
582,costruction_tools_tools,ES,21.26,1.0,ES - costruction_tools_tools
583,perfumery,RO,27.12,1.0,RO - perfumery
584,books_technical,BA,18.9,1.0,BA - books_technical
585,home_appliances_2,BA,76.22,1.0,BA - home_appliances_2
586,drinks,MS,16.12,1.0,MS - drinks
587,perfumery,SE,26.19,1.0,SE - perfumery
588,home_appliances,BA,20.79,1.0,BA - home_appliances
589,industry_commerce_and_business,DF,30.09,1.0,DF - industry_commerce_and_business
590,air_conditioning,RS,29.48,1.0,RS - air_conditioning
591,christmas_supplies,RS,22.6,1.0,RS - christmas_supplies
592,furniture_bedroom,RJ,49.33,1.0,RJ - furniture_bedroom
593,home_comfort_2,MG,12.02,1.0,MG - home_comfort_2
594,signaling_and_security,RJ,21.68,1.0,RJ - signaling_and_security
595,fixed_telephony,AL,27.47,1.0,AL - fixed_telephony
596,small_appliances,DF,35.25,1.0,DF - small_appliances
597,home_appliances,RR,56.96,1.0,RR - home_appliances
598,computers,AC,51.7,1.0,AC - computers
599,costruction_tools_garden,PR,17.29,1.0,PR - costruction_tools_garden
600,fashion_bags_accessories,MA,27.65,1.0,MA - fashion_bags_accessories
601,kitchen_dining_laundry_garden_furniture,SC,40.26,1.0,SC - kitchen_dining_laundry_garden_furniture
602,cool_stuff,AP,24.6,1.0,AP - cool_stuff
603,construction_tools_construction,CE,33.55,1.0,CE - construction_tools_construction
604,fashion_male_clothing,RJ,17.02,1.0,RJ - fashion_male_clothing
605,musical_instruments,PI,37.6,1.0,PI - musical_instruments
606,home_appliances,CE,59.48,1.0,CE - home_appliances
607,agro_industry_and_commerce,AL,42.25,1.0,AL - agro_industry_and_commerce
608,industry_commerce_and_business,PR,31.16,1.0,PR - industry_commerce_and_business
609,home_appliances_2,RS,66.63,1.0,RS - home_appliances_2
610,drinks,PA,20.78,1.0,PA - drinks
611,food_drink,SC,13.47,1.0,SC - food_drink
612,toys,MA,36.73,1.0,MA - toys
613,cool_stuff,AM,30.22,1.0,AM - cool_stuff
614,bed_bath_table,TO,40.55,1.0,TO - bed_bath_table
615,books_general_interest,MA,32.21,1.0,MA - books_general_interest
616,furniture_mattress_and_upholstery,RN,39.29,1.0,RN - furniture_mattress_and_upholstery
617,fixed_telephony,PA,36.5,1.0,PA - fixed_telephony
618,art,SC,22.82,1.0,SC - art
619,fashion_shoes,SC,17.72,1.0,SC - fashion_shoes
620,stationery,AL,28.03,1.0,AL - stationery
621,industry_commerce_and_business,BA,30.92,1.0,BA - industry_commerce_and_business
622,office_furniture,AL,32.83,1.0,AL - office_furniture
623,books_general_interest,CE,59.67,1.0,CE - books_general_interest
624,christmas_supplies,PR,16.62,1.0,PR - christmas_supplies
625,home_construction,CE,34.4,1.0,CE - home_construction
626,flowers,RJ,16.9,1.0,RJ - flowers
627,small_appliances_home_oven_and_coffee,MS,68.4,1.0,MS - small_appliances_home_oven_and_coffee
628,costruction_tools_garden,BA,24.8,1.0,BA - costruction_tools_garden
629,bed_bath_table,MT,23.73,1.0,MT - bed_bath_table
630,fixed_telephony,PB,29.67,1.0,PB - fixed_telephony
631,furniture_living_room,BA,39.22,1.0,BA - furniture_living_room
632,home_confort,RN,25.12,1.0,RN - home_confort
633,stationery,AM,28.34,1.0,AM - stationery
634,books_technical,MG,18.44,1.0,MG - books_technical
635,dvds_blu_ray,PE,20.98,1.0,PE - dvds_blu_ray
636,furniture_mattress_and_upholstery,RJ,43.55,1.0,RJ - furniture_mattress_and_upholstery
637,small_appliances_home_oven_and_coffee,MT,86.7,1.0,MT - small_appliances_home_oven_and_coffee
638,computers,RS,62.67,1.0,RS - computers
639,sports_leisure,RR,49.04,1.0,RR - sports_leisure
640,,DF,16.8,1.0,
641,construction_tools_construction,DF,21.98,1.0,DF - construction_tools_construction
642,agro_industry_and_commerce,ES,22.44,1.0,ES - agro_industry_and_commerce
643,costruction_tools_tools,SC,23.49,1.0,SC - costruction_tools_tools
644,fashion_shoes,PE,30.73,1.0,PE - fashion_shoes
645,food,DF,18.53,1.0,DF - food
646,home_comfort_2,BA,16.79,1.0,BA - home_comfort_2
647,,AL,28.87,1.0,
648,fixed_telephony,RJ,21.82,1.0,RJ - fixed_telephony
649,furniture_living_room,SE,97.0,1.0,SE - furniture_living_room
650,perfumery,MA,30.98,1.0,MA - perfumery
651,fashion_shoes,RJ,17.49,1.0,RJ - fashion_shoes
652,computers,ES,98.57,1.0,ES - computers
653,fashion_shoes,PI,38.95,1.0,PI - fashion_shoes
654,home_appliances_2,MT,51.85,1.0,MT - home_appliances_2
655,drinks,RJ,18.82,1.0,RJ - drinks
656,home_appliances_2,MS,49.39,1.0,MS - home_appliances_2
657,fixed_telephony,BA,21.04,1.0,BA - fixed_telephony
658,furniture_bedroom,MS,45.71,1.0,MS - furniture_bedroom
659,cine_photo,SP,12.5,1.0,SP - cine_photo
660,audio,PA,40.67,1.0,PA - audio
661,drinks,BA,19.52,1.0,BA - drinks
662,books_imported,MG,15.48,1.0,MG - books_imported
663,home_construction,AM,62.1,1.0,AM - home_construction
664,housewares,AL,33.78,1.0,AL - housewares
665,home_confort,SC,19.78,1.0,SC - home_confort
666,furniture_living_room,PB,75.88,1.0,PB - furniture_living_room
667,,MS,15.56,1.0,
668,construction_tools_lights,MA,81.2,1.0,MA - construction_tools_lights
669,books_imported,SP,9.11,1.0,SP - books_imported
670,home_construction,ES,21.25,1.0,ES - home_construction
671,small_appliances_home_oven_and_coffee,SP,28.47,1.0,SP - small_appliances_home_oven_and_coffee
672,arts_and_craftmanship,SP,11.53,1.0,SP - arts_and_craftmanship
673,garden_tools,MS,37.72,1.0,MS - garden_tools
674,fashion_underwear_beach,PE,25.99,1.0,PE - fashion_underwear_beach
675,arts_and_craftmanship,DF,22.21,1.0,DF - arts_and_craftmanship
676,garden_tools,MT,27.08,1.0,MT - garden_tools
677,music,CE,19.74,1.0,CE - music
678,musical_instruments,MS,38.01,1.0,MS - musical_instruments
679,auto,TO,33.11,1.0,TO - auto
680,costruction_tools_tools,SP,15.96,1.0,SP - costruction_tools_tools
681,pet_shop,AL,76.94,1.0,AL - pet_shop
682,electronics,TO,30.44,1.0,TO - electronics
683,construction_tools_construction,SC,22.92,1.0,SC - construction_tools_construction
684,musical_instruments,MT,97.9,1.0,MT - musical_instruments
685,fixed_telephony,CE,34.11,1.0,CE - fixed_telephony
686,home_confort,MS,23.19,1.0,MS - home_confort
687,electronics,AP,32.61,1.0,AP - electronics
688,bed_bath_table,RN,37.6,1.0,RN - bed_bath_table
689,fashio_female_clothing,SP,10.19,1.0,SP - fashio_female_clothing
690,fashion_shoes,RS,17.44,1.0,RS - fashion_shoes
691,signaling_and_security,SC,16.78,1.0,SC - signaling_and_security
692,books_general_interest,PE,28.66,1.0,PE - books_general_interest
693,small_appliances,GO,34.9,1.0,GO - small_appliances
694,cine_photo,PR,21.26,1.0,PR - cine_photo
695,,PA,47.1,1.0,
696,furniture_living_room,GO,38.54,1.0,GO - furniture_living_room
697,small_appliances_home_oven_and_coffee,PR,41.87,1.0,PR - small_appliances_home_oven_and_coffee
698,home_confort,AL,38.18,1.0,AL - home_confort
699,kitchen_dining_laundry_garden_furniture,CE,81.8,1.0,CE - kitchen_dining_laundry_garden_furniture
700,home_appliances_2,SC,42.39,1.0,SC - home_appliances_2
701,construction_tools_lights,PR,34.86,1.0,PR - construction_tools_lights
702,auto,GO,22.2,1.0,GO - auto
703,agro_industry_and_commerce,BA,47.5,1.0,BA - agro_industry_and_commerce
704,cine_photo,PA,21.68,1.0,PA - cine_photo
705,health_beauty,RO,35.28,1.0,RO - health_beauty
706,christmas_supplies,SP,13.02,1.0,SP - christmas_supplies
707,costruction_tools_tools,MS,19.32,1.0,MS - costruction_tools_tools
708,home_appliances_2,PR,38.16,1.0,PR - home_appliances_2
709,furniture_living_room,CE,41.49,1.0,CE - furniture_living_room
710,construction_tools_construction,RN,39.9,1.0,RN - construction_tools_construction
711,home_confort,MA,62.02,1.0,MA - home_confort
712,home_confort,MG,20.7,1.0,MG - home_confort
713,industry_commerce_and_business,RS,29.78,1.0,RS - industry_commerce_and_business
714,telephony,RO,33.78,1.0,RO - telephony
715,stationery,SE,30.51,1.0,SE - stationery
716,agro_industry_and_commerce,PE,95.36,1.0,PE - agro_industry_and_commerce
717,industry_commerce_and_business,CE,26.03,1.0,CE - industry_commerce_and_business
718,food_drink,ES,18.37,1.0,ES - food_drink
719,christmas_supplies,MG,20.51,1.0,MG - christmas_supplies
720,baby,PI,62.35,1.0,PI - baby
721,fashion_bags_accessories,PI,25.97,1.0,PI - fashion_bags_accessories
722,construction_tools_safety,SC,21.19,1.0,SC - construction_tools_safety
723,market_place,BA,52.17,1.0,BA - market_place
724,pet_shop,MA,37.53,1.0,MA - pet_shop
725,home_construction,PI,42.2,1.0,PI - home_construction
726,costruction_tools_garden,RS,22.68,1.0,RS - costruction_tools_garden
727,luggage_accessories,MS,27.03,1.0,MS - luggage_accessories
728,books_technical,PR,18.55,1.0,PR - books_technical
729,fixed_telephony,MG,18.01,1.0,MG - fixed_telephony
730,cine_photo,BA,23.05,1.0,BA - cine_photo
731,small_appliances_home_oven_and_coffee,BA,47.6,1.0,BA - small_appliances_home_oven_and_coffee
732,agro_industry_and_commerce,PR,31.8,1.0,PR - agro_industry_and_commerce
733,pet_shop,ES,25.38,1.0,ES - pet_shop
734,kitchen_dining_laundry_garden_furniture,MG,41.17,1.0,MG - kitchen_dining_laundry_garden_furniture
735,bed_bath_table,RR,71.65,1.0,RR - bed_bath_table
736,air_conditioning,ES,21.28,1.0,ES - air_conditioning
737,cine_photo,RJ,19.64,1.0,RJ - cine_photo
738,industry_commerce_and_business,AL,73.76,1.0,AL - industry_commerce_and_business
739,housewares,PE,34.07,1.0,PE - housewares
740,food_drink,MA,32.59,1.0,MA - food_drink
741,home_confort,GO,18.42,1.0,GO - home_confort
742,housewares,RO,37.6,1.0,RO - housewares
743,audio,TO,37.92,1.0,TO - audio
744,fashion_male_clothing,ES,31.42,1.0,ES - fashion_male_clothing
745,dvds_blu_ray,MG,17.48,1.0,MG - dvds_blu_ray
746,computers,PA,71.36,1.0,PA - computers
747,costruction_tools_tools,RS,26.14,1.0,RS - costruction_tools_tools
748,music,SP,15.74,1.0,SP - music
749,luggage_accessories,RS,32.69,1.0,RS - luggage_accessories
750,consoles_games,MA,33.39,1.0,MA - consoles_games
751,dvds_blu_ray,SP,17.41,1.0,SP - dvds_blu_ray
752,dvds_blu_ray,DF,14.46,1.0,DF - dvds_blu_ray
753,air_conditioning,PE,36.63,0.0,PE - air_conditioning
754,,AM,48.43,0.0,
755,housewares,AM,27.54,0.0,AM - housewares
756,cine_photo,RS,18.21,0.0,RS - cine_photo
757,home_construction,MT,39.99,0.0,MT - home_construction
758,fashion_shoes,AC,49.07,0.0,AC - fashion_shoes
759,dvds_blu_ray,RN,25.38,0.0,RN - dvds_blu_ray
760,garden_tools,RO,46.76,0.0,RO - garden_tools
761,construction_tools_safety,RS,17.62,0.0,RS - construction_tools_safety
762,signaling_and_security,ES,59.0,0.0,ES - signaling_and_security
763,furniture_bedroom,GO,59.62,0.0,GO - furniture_bedroom
764,tablets_printing_image,PA,23.39,0.0,PA - tablets_printing_image
765,home_appliances_2,GO,51.25,0.0,GO - home_appliances_2
766,market_place,MT,24.85,0.0,MT - market_place
767,fashion_sport,SC,18.59,0.0,SC - fashion_sport
768,computers,MT,52.53,0.0,MT - computers
769,construction_tools_construction,GO,22.72,0.0,GO - construction_tools_construction
770,fashio_female_clothing,RJ,14.84,0.0,RJ - fashio_female_clothing
771,audio,PE,25.16,0.0,PE - audio
772,home_appliances,GO,17.81,0.0,GO - home_appliances
773,baby,MT,28.06,0.0,MT - baby
774,housewares,TO,34.62,0.0,TO - housewares
775,baby,AL,49.02,0.0,AL - baby
776,signaling_and_security,GO,23.34,0.0,GO - signaling_and_security
777,costruction_tools_tools,BA,26.35,0.0,BA - costruction_tools_tools
778,pet_shop,RO,51.08,0.0,RO - pet_shop
779,home_appliances_2,TO,74.49,0.0,TO - home_appliances_2
780,furniture_living_room,SC,53.16,0.0,SC - furniture_living_room
781,agro_industry_and_commerce,MA,54.64,0.0,MA - agro_industry_and_commerce
782,agro_industry_and_commerce,MG,25.48,0.0,MG - agro_industry_and_commerce
783,books_imported,RS,17.45,0.0,RS - books_imported
784,fixed_telephony,PR,15.23,0.0,PR - fixed_telephony
785,books_general_interest,MS,16.04,0.0,MS - books_general_interest
786,consoles_games,RN,35.04,0.0,RN - consoles_games
787,small_appliances,PA,48.43,0.0,PA - small_appliances
788,home_appliances,TO,37.7,0.0,TO - home_appliances
789,books_general_interest,AL,50.94,0.0,AL - books_general_interest
790,construction_tools_safety,CE,22.71,0.0,CE - construction_tools_safety
791,computers,AL,28.19,0.0,AL - computers
792,housewares,AP,60.28,0.0,AP - housewares
793,musical_instruments,RO,22.67,0.0,RO - musical_instruments
794,air_conditioning,PB,50.85,0.0,PB - air_conditioning
795,christmas_supplies,RO,37.56,0.0,RO - christmas_supplies
796,party_supplies,PR,19.45,0.0,PR - party_supplies
797,musical_instruments,PB,41.8,0.0,PB - musical_instruments
798,dvds_blu_ray,PR,34.11,0.0,PR - dvds_blu_ray
799,small_appliances_home_oven_and_coffee,RS,23.48,0.0,RS - small_appliances_home_oven_and_coffee
800,food,GO,16.94,0.0,GO - food
801,home_construction,AL,63.55,0.0,AL - home_construction
802,fashio_female_clothing,BA,22.84,0.0,BA - fashio_female_clothing
803,market_place,MS,16.22,0.0,MS - market_place
804,home_appliances_2,AM,52.49,0.0,AM - home_appliances_2
805,fashion_sport,PA,25.63,0.0,PA - fashion_sport
806,construction_tools_construction,ES,36.41,0.0,ES - construction_tools_construction
807,art,RN,57.11,0.0,RN - art
808,books_technical,GO,16.06,0.0,GO - books_technical
809,consoles_games,AC,45.78,0.0,AC - consoles_games
810,computers,MS,91.68,0.0,MS - computers
811,home_confort,SE,75.8,0.0,SE - home_confort
812,art,PR,19.68,0.0,PR - art
813,home_confort,RO,28.37,0.0,RO - home_confort
814,costruction_tools_garden,PA,41.06,0.0,PA - costruction_tools_garden
815,furniture_bedroom,ES,20.43,0.0,ES - furniture_bedroom
816,fashion_underwear_beach,MT,18.8,0.0,MT - fashion_underwear_beach
817,market_place,AL,23.77,0.0,AL - market_place
818,construction_tools_lights,CE,99.3,0.0,CE - construction_tools_lights
819,furniture_living_room,PA,38.22,0.0,PA - furniture_living_room
820,construction_tools_lights,RS,24.36,0.0,RS - construction_tools_lights
821,food_drink,RN,27.26,0.0,RN - food_drink
822,,TO,22.05,0.0,
823,pet_shop,SE,32.47,0.0,SE - pet_shop
824,small_appliances_home_oven_and_coffee,RO,115.63,0.0,RO - small_appliances_home_oven_and_coffee
825,,RR,27.92,0.0,
826,market_place,RN,23.2,0.0,RN - market_place
827,furniture_living_room,DF,38.35,0.0,DF - furniture_living_room
828,consoles_games,MS,21.37,0.0,MS - consoles_games
829,fashion_sport,DF,14.1,0.0,DF - fashion_sport
830,cool_stuff,RO,53.99,0.0,RO - cool_stuff
831,luggage_accessories,AM,56.87,0.0,AM - luggage_accessories
832,home_appliances_2,PI,75.33,0.0,PI - home_appliances_2
833,office_furniture,RO,55.47,0.0,RO - office_furniture
834,industry_commerce_and_business,MG,23.23,0.0,MG - industry_commerce_and_business
835,fashion_sport,MG,14.4,0.0,MG - fashion_sport
836,diapers_and_hygiene,MG,15.23,0.0,MG - diapers_and_hygiene
837,fashion_male_clothing,CE,25.63,0.0,CE - fashion_male_clothing
838,fashion_underwear_beach,PR,14.71,0.0,PR - fashion_underwear_beach
839,office_furniture,PB,59.55,0.0,PB - office_furniture
840,musical_instruments,CE,48.6,0.0,CE - musical_instruments
841,fashio_female_clothing,GO,15.47,0.0,GO - fashio_female_clothing
842,fashion_male_clothing,RS,15.92,0.0,RS - fashion_male_clothing
843,tablets_printing_image,MG,14.45,0.0,MG - tablets_printing_image
844,construction_tools_safety,PB,28.24,0.0,PB - construction_tools_safety
845,home_appliances,PI,40.51,0.0,PI - home_appliances
846,audio,CE,35.56,0.0,CE - audio
847,luggage_accessories,GO,37.88,0.0,GO - luggage_accessories
848,bed_bath_table,RO,42.15,0.0,RO - bed_bath_table
849,books_imported,SE,24.77,0.0,SE - books_imported
850,flowers,SP,10.86,0.0,SP - flowers
851,fashion_shoes,MS,20.83,0.0,MS - fashion_shoes
852,fashio_female_clothing,ES,16.51,0.0,ES - fashio_female_clothing
853,cine_photo,PE,19.04,0.0,PE - cine_photo
854,books_general_interest,RN,10.85,0.0,RN - books_general_interest
855,furniture_mattress_and_upholstery,DF,9.33,0.0,DF - furniture_mattress_and_upholstery
856,watches_gifts,AC,46.03,0.0,AC - watches_gifts
857,furniture_mattress_and_upholstery,MG,53.97,0.0,MG - furniture_mattress_and_upholstery
858,construction_tools_construction,PI,51.97,0.0,PI - construction_tools_construction
859,office_furniture,SE,62.38,0.0,SE - office_furniture
860,food,PI,23.59,0.0,PI - food
861,drinks,MT,22.06,0.0,MT - drinks
862,dvds_blu_ray,MS,16.58,0.0,MS - dvds_blu_ray
863,construction_tools_lights,SE,80.11,0.0,SE - construction_tools_lights
864,luggage_accessories,TO,54.71,0.0,TO - luggage_accessories
865,construction_tools_lights,PE,33.46,0.0,PE - construction_tools_lights
866,construction_tools_safety,PE,46.13,0.0,PE - construction_tools_safety
867,air_conditioning,CE,45.55,0.0,CE - air_conditioning
868,food_drink,AL,24.48,0.0,AL - food_drink
869,consoles_games,MT,20.24,0.0,MT - consoles_games
870,kitchen_dining_laundry_garden_furniture,MT,100.09,0.0,MT - kitchen_dining_laundry_garden_furniture
871,signaling_and_security,BA,23.83,0.0,BA - signaling_and_security
872,construction_tools_safety,RO,62.44,0.0,RO - construction_tools_safety
873,market_place,PR,16.44,0.0,PR - market_place
874,flowers,MG,17.19,0.0,MG - flowers
875,baby,AC,58.04,0.0,AC - baby
876,costruction_tools_garden,DF,26.4,0.0,DF - costruction_tools_garden
877,construction_tools_safety,SE,67.47,0.0,SE - construction_tools_safety
878,food_drink,MS,15.1,0.0,MS - food_drink
879,agro_industry_and_commerce,SC,27.24,0.0,SC - agro_industry_and_commerce
880,cool_stuff,PB,42.6,0.0,PB - cool_stuff
881,dvds_blu_ray,AL,22.85,0.0,AL - dvds_blu_ray
882,market_place,AC,25.47,0.0,AC - market_place
883,art,MT,27.44,0.0,MT - art
884,home_construction,RN,76.02,0.0,RN - home_construction
885,agro_industry_and_commerce,PA,88.59,0.0,PA - agro_industry_and_commerce
886,computers,PR,70.21,0.0,PR - computers
887,fashion_sport,MA,108.47,0.0,MA - fashion_sport
888,art,MS,21.4,0.0,MS - art
889,books_general_interest,AC,61.86,0.0,AC - books_general_interest
890,fashion_childrens_clothes,BA,17.07,0.0,BA - fashion_childrens_clothes
891,fixed_telephony,MS,16.05,0.0,MS - fixed_telephony
892,tablets_printing_image,MA,25.56,0.0,MA - tablets_printing_image
893,industry_commerce_and_business,MA,32.79,0.0,MA - industry_commerce_and_business
894,kitchen_dining_laundry_garden_furniture,AL,26.44,0.0,AL - kitchen_dining_laundry_garden_furniture
895,fashion_bags_accessories,AC,31.3,0.0,AC - fashion_bags_accessories
896,fashion_childrens_clothes,RJ,14.52,0.0,RJ - fashion_childrens_clothes
897,small_appliances_home_oven_and_coffee,PE,32.48,0.0,PE - small_appliances_home_oven_and_coffee
898,perfumery,PB,30.96,0.0,PB - perfumery
899,audio,RS,16.73,0.0,RS - audio
900,fashion_shoes,MT,24.16,0.0,MT - fashion_shoes
901,costruction_tools_tools,GO,19.77,0.0,GO - costruction_tools_tools
902,books_technical,CE,19.51,0.0,CE - books_technical
903,auto,AC,30.23,0.0,AC - auto
904,computers_accessories,AM,37.44,0.0,AM - computers_accessories
905,garden_tools,RR,39.17,0.0,RR - garden_tools
906,books_technical,RS,18.83,0.0,RS - books_technical
907,construction_tools_safety,GO,14.59,0.0,GO - construction_tools_safety
908,bed_bath_table,AM,32.67,0.0,AM - bed_bath_table
909,food,RS,20.13,0.0,RS - food
910,industry_commerce_and_business,RN,44.97,0.0,RN - industry_commerce_and_business
911,luggage_accessories,RO,69.52,0.0,RO - luggage_accessories
912,cool_stuff,TO,34.49,0.0,TO - cool_stuff
913,computers_accessories,AP,32.63,0.0,AP - computers_accessories
914,signaling_and_security,RS,31.06,0.0,RS - signaling_and_security
915,office_furniture,AM,41.27,0.0,AM - office_furniture
916,electronics,AC,44.78,0.0,AC - electronics
917,fashion_underwear_beach,MG,15.33,0.0,MG - fashion_underwear_beach
918,pet_shop,PI,44.27,0.0,PI - pet_shop
919,sports_leisure,AC,43.79,0.0,AC - sports_leisure
920,furniture_living_room,PR,33.07,0.0,PR - furniture_living_room
921,construction_tools_lights,GO,38.42,0.0,GO - construction_tools_lights
922,party_supplies,SC,37.63,0.0,SC - party_supplies
923,construction_tools_lights,ES,27.85,0.0,ES - construction_tools_lights
924,food,CE,20.96,0.0,CE - food
925,dvds_blu_ray,SC,21.15,0.0,SC - dvds_blu_ray
926,computers,MA,40.35,0.0,MA - computers
927,books_general_interest,MG,17.56,0.0,MG - books_general_interest
928,construction_tools_lights,TO,51.51,0.0,TO - construction_tools_lights
929,home_construction,MA,59.01,0.0,MA - home_construction
930,computers,DF,43.92,0.0,DF - computers
931,audio,PI,26.86,0.0,PI - audio
932,home_confort,PI,46.95,0.0,PI - home_confort
933,fixed_telephony,SC,17.66,0.0,SC - fixed_telephony
934,drinks,SC,17.84,0.0,SC - drinks
935,christmas_supplies,BA,30.4,0.0,BA - christmas_supplies
936,fashion_underwear_beach,DF,15.54,0.0,DF - fashion_underwear_beach
937,market_place,DF,19.81,0.0,DF - market_place
938,costruction_tools_garden,RN,24.51,0.0,RN - costruction_tools_garden
939,home_appliances,RS,22.55,0.0,RS - home_appliances
940,home_construction,DF,23.03,0.0,DF - home_construction
941,diapers_and_hygiene,PR,19.47,0.0,PR - diapers_and_hygiene
942,luggage_accessories,PB,37.9,0.0,PB - luggage_accessories
943,home_appliances_2,CE,109.46,0.0,CE - home_appliances_2
944,art,PA,40.22,0.0,PA - art
945,kitchen_dining_laundry_garden_furniture,PA,37.9,0.0,PA - kitchen_dining_laundry_garden_furniture
946,small_appliances,AC,46.91,0.0,AC - small_appliances
947,market_place,MA,28.08,0.0,MA - market_place
948,fashion_sport,PR,15.1,0.0,PR - fashion_sport
949,small_appliances,RN,32.96,0.0,RN - small_appliances
950,computers,MG,45.8,0.0,MG - computers
951,agro_industry_and_commerce,MS,22.43,0.0,MS - agro_industry_and_commerce
952,luggage_accessories,SE,28.07,0.0,SE - luggage_accessories
953,costruction_tools_tools,PB,46.01,0.0,PB - costruction_tools_tools
954,agro_industry_and_commerce,MT,53.22,0.0,MT - agro_industry_and_commerce
955,costruction_tools_tools,PE,36.56,0.0,PE - costruction_tools_tools
956,la_cuisine,SC,26.15,0.0,SC - la_cuisine
957,furniture_bedroom,RS,54.12,0.0,RS - furniture_bedroom
958,perfumery,TO,31.5,0.0,TO - perfumery
959,fashion_shoes,PA,29.48,0.0,PA - fashion_shoes
960,tablets_printing_image,PR,16.18,0.0,PR - tablets_printing_image
961,cine_photo,ES,15.76,0.0,ES - cine_photo
962,perfumery,AM,27.05,0.0,AM - perfumery
963,small_appliances_home_oven_and_coffee,TO,95.44,0.0,TO - small_appliances_home_oven_and_coffee
964,air_conditioning,PI,50.7,0.0,PI - air_conditioning
965,security_and_services,DF,15.45,0.0,DF - security_and_services
966,cine_photo,GO,8.41,0.0,GO - cine_photo
967,books_general_interest,DF,19.18,0.0,DF - books_general_interest
968,furniture_living_room,AC,52.92,0.0,AC - furniture_living_room
969,food_drink,PA,21.25,0.0,PA - food_drink
970,home_comfort_2,PR,15.1,0.0,PR - home_comfort_2
971,bed_bath_table,AP,35.07,0.0,AP - bed_bath_table
972,office_furniture,GO,43.49,0.0,GO - office_furniture
973,air_conditioning,BA,24.52,0.0,BA - air_conditioning
974,food_drink,SE,15.6,0.0,SE - food_drink
975,,MA,32.35,0.0,
976,costruction_tools_tools,PA,25.63,0.0,PA - costruction_tools_tools
977,kitchen_dining_laundry_garden_furniture,PE,78.91,0.0,PE - kitchen_dining_laundry_garden_furniture
978,furniture_living_room,PI,34.27,0.0,PI - furniture_living_room
979,telephony,AP,22.88,0.0,AP - telephony
980,furniture_bedroom,MG,61.0,0.0,MG - furniture_bedroom
981,home_comfort_2,RJ,15.1,0.0,RJ - home_comfort_2
982,air_conditioning,PR,24.39,0.0,PR - air_conditioning
983,health_beauty,AM,29.63,0.0,AM - health_beauty
984,audio,RN,35.12,0.0,RN - audio
985,christmas_supplies,RN,34.15,0.0,RN - christmas_supplies
986,health_beauty,AP,33.84,0.0,AP - health_beauty
987,office_furniture,MS,63.54,0.0,MS - office_furniture
988,costruction_tools_garden,PI,58.74,0.0,PI - costruction_tools_garden
989,art,RO,52.07,0.0,RO - art
990,tablets_printing_image,PI,28.28,0.0,PI - tablets_printing_image
991,fashion_sport,BA,17.91,0.0,BA - fashion_sport
992,luggage_accessories,PA,54.44,0.0,PA - luggage_accessories
993,food_drink,PE,20.75,0.0,PE - food_drink
994,cool_stuff,AL,40.84,0.0,AL - cool_stuff
995,musical_instruments,AC,42.38,0.0,AC - musical_instruments
996,books_technical,DF,17.86,0.0,DF - books_technical
997,construction_tools_safety,MT,45.16,0.0,MT - construction_tools_safety
998,fashion_shoes,RO,57.96,0.0,RO - fashion_shoes
999,agro_industry_and_commerce,GO,27.77,0.0,GO - agro_industry_and_commerce
1000,books_technical,MA,44.1,0.0,MA - books_technical
1001,market_place,RS,16.78,0.0,RS - market_place
1002,fashion_childrens_clothes,SP,10.18,0.0,SP - fashion_childrens_clothes
1003,computers,CE,57.13,0.0,CE - computers
1004,signaling_and_security,DF,28.17,0.0,DF - signaling_and_security
1005,consoles_games,SE,31.85,0.0,SE - consoles_games
1006,market_place,CE,32.13,0.0,CE - market_place
1007,construction_tools_lights,MT,55.41,0.0,MT - construction_tools_lights
1008,construction_tools_safety,MS,43.16,0.0,MS - construction_tools_safety
1009,art,PE,33.23,0.0,PE - art
1010,home_appliances_2,DF,46.56,0.0,DF - home_appliances_2
1011,fashion_sport,RJ,14.81,0.0,RJ - fashion_sport
1012,stationery,AP,50.07,0.0,AP - stationery
1013,consoles_games,PB,31.74,0.0,PB - consoles_games
1014,stationery,TO,24.6,0.0,TO - stationery
1015,construction_tools_construction,MA,21.15,0.0,MA - construction_tools_construction
1016,consoles_games,RO,34.15,0.0,RO - consoles_games
1017,fashio_female_clothing,SC,15.1,0.0,SC - fashio_female_clothing
1018,electronics,RR,26.4,0.0,RR - electronics
1019,dvds_blu_ray,RO,21.15,0.0,RO - dvds_blu_ray
1020,art,PB,43.19,0.0,PB - art
1021,fashion_underwear_beach,RS,16.52,0.0,RS - fashion_underwear_beach
1022,diapers_and_hygiene,BA,17.06,0.0,BA - diapers_and_hygiene
1023,fixed_telephony,SE,20.8,0.0,SE - fixed_telephony
1024,auto,RR,37.31,0.0,RR - auto
1025,home_appliances,MA,95.42,0.0,MA - home_appliances
1026,industry_commerce_and_business,PI,32.74,0.0,PI - industry_commerce_and_business
1027,cine_photo,MT,47.01,0.0,MT - cine_photo
1028,home_confort,PR,19.63,0.0,PR - home_confort
1029,cool_stuff,MS,36.81,0.0,MS - cool_stuff
1030,musical_instruments,RN,33.74,0.0,RN - musical_instruments
1031,signaling_and_security,MG,34.32,0.0,MG - signaling_and_security
1032,diapers_and_hygiene,RJ,17.85,0.0,RJ - diapers_and_hygiene
1033,kitchen_dining_laundry_garden_furniture,PB,251.39,0.0,PB - kitchen_dining_laundry_garden_furniture
1034,garden_tools,AC,39.1,0.0,AC - garden_tools
1035,arts_and_craftmanship,SC,24.83,0.0,SC - arts_and_craftmanship
1036,furniture_bedroom,DF,55.58,0.0,DF - furniture_bedroom
1037,agro_industry_and_commerce,AP,67.62,0.0,AP - agro_industry_and_commerce
1038,christmas_supplies,AC,60.95,0.0,AC - christmas_supplies
1039,pet_shop,RN,28.08,0.0,RN - pet_shop
1040,fixed_telephony,PE,20.96,0.0,PE - fixed_telephony
1041,fashion_male_clothing,PR,15.92,0.0,PR - fashion_male_clothing
1042,fashion_shoes,PB,38.05,0.0,PB - fashion_shoes
1043,luggage_accessories,PR,25.0,0.0,PR - luggage_accessories
1044,costruction_tools_tools,PR,18.72,0.0,PR - costruction_tools_tools
1045,music,RJ,16.97,0.0,RJ - music
1046,books_general_interest,ES,19.13,0.0,ES - books_general_interest
1047,computers,GO,49.36,0.0,GO - computers
1048,art,BA,21.23,0.0,BA - art
1049,cine_photo,MG,22.85,0.0,MG - cine_photo
1050,electronics,RO,37.08,0.0,RO - electronics
1051,watches_gifts,AM,30.98,0.0,AM - watches_gifts
1052,industry_commerce_and_business,SE,72.53,0.0,SE - industry_commerce_and_business
1053,industry_commerce_and_business,PB,145.92,0.0,PB - industry_commerce_and_business
1054,market_place,GO,15.41,0.0,GO - market_place
1055,fashion_male_clothing,SC,15.35,0.0,SC - fashion_male_clothing
1056,luggage_accessories,AC,58.76,0.0,AC - luggage_accessories
1057,home_appliances,MT,20.69,0.0,MT - home_appliances
1058,books_general_interest,GO,23.49,0.0,GO - books_general_interest
1059,home_appliances_2,AL,85.35,0.0,AL - home_appliances_2
1060,books_general_interest,AM,27.67,0.0,AM - books_general_interest
1061,agro_industry_and_commerce,RS,22.13,0.0,RS - agro_industry_and_commerce
1062,cine_photo,MA,22.85,0.0,MA - cine_photo
1063,costruction_tools_garden,RO,51.1,0.0,RO - costruction_tools_garden
1064,furniture_bedroom,MT,78.93,0.0,MT - furniture_bedroom
1065,toys,AM,27.24,0.0,AM - toys
1066,watches_gifts,AP,25.89,0.0,AP - watches_gifts
1067,fashion_underwear_beach,GO,16.79,0.0,GO - fashion_underwear_beach
1068,construction_tools_safety,DF,22.74,0.0,DF - construction_tools_safety
1069,diapers_and_hygiene,PB,51.05,0.0,PB - diapers_and_hygiene
1070,air_conditioning,SC,19.33,0.0,SC - air_conditioning
1071,home_appliances,MS,16.91,0.0,MS - home_appliances
1072,musical_instruments,PA,33.71,0.0,PA - musical_instruments
1073,furniture_decor,AM,27.84,0.0,AM - furniture_decor
1074,dvds_blu_ray,PI,50.85,0.0,PI - dvds_blu_ray
1075,food_drink,BA,15.59,0.0,BA - food_drink
1076,books_technical,MT,23.04,0.0,MT - books_technical
1077,small_appliances_home_oven_and_coffee,DF,43.09,0.0,DF - small_appliances_home_oven_and_coffee
1078,fashion_bags_accessories,TO,33.34,0.0,TO - fashion_bags_accessories
1079,construction_tools_lights,DF,44.56,0.0,DF - construction_tools_lights
1080,fixed_telephony,PI,46.4,0.0,PI - fixed_telephony
1081,market_place,ES,22.29,0.0,ES - market_place
1082,construction_tools_construction,AL,179.58,0.0,AL - construction_tools_construction
1083,costruction_tools_garden,PB,24.69,0.0,PB - costruction_tools_garden
1084,computers,TO,37.81,0.0,TO - computers
1085,baby,AM,27.86,0.0,AM - baby
1086,food,MT,31.63,0.0,MT - food
1087,books_technical,MS,15.8,0.0,MS - books_technical
1088,auto,RO,57.5,0.0,RO - auto
1089,small_appliances,SE,63.44,0.0,SE - small_appliances
1090,fashion_underwear_beach,ES,15.52,0.0,ES - fashion_underwear_beach
1091,furniture_living_room,RO,72.83,0.0,RO - furniture_living_room
1092,construction_tools_construction,MT,50.26,0.0,MT - construction_tools_construction
1093,cine_photo,DF,18.28,0.0,DF - cine_photo
1094,party_supplies,PI,61.68,0.0,PI - party_supplies
1095,books_general_interest,TO,15.1,0.0,TO - books_general_interest
1096,computers,AP,45.42,0.0,AP - computers
1097,cds_dvds_musicals,RJ,16.11,0.0,RJ - cds_dvds_musicals
1098,food,MS,19.05,0.0,MS - food
1099,fashion_male_clothing,PA,44.51,0.0,PA - fashion_male_clothing
1100,books_imported,MA,55.96,0.0,MA - books_imported
1101,small_appliances,PE,36.74,0.0,PE - small_appliances
1102,industry_commerce_and_business,PE,96.09,0.0,PE - industry_commerce_and_business
1103,industry_commerce_and_business,RO,48.0,0.0,RO - industry_commerce_and_business
1104,christmas_supplies,SC,21.05,0.0,SC - christmas_supplies
1105,agro_industry_and_commerce,CE,28.55,0.0,CE - agro_industry_and_commerce
1106,home_construction,TO,38.83,0.0,TO - home_construction
1107,signaling_and_security,MT,53.91,0.0,MT - signaling_and_security
1108,toys,AP,30.63,0.0,AP - toys
1109,art,PI,43.19,0.0,PI - art
1110,tablets_printing_image,PE,25.58,0.0,PE - tablets_printing_image
1111,flowers,PE,17.66,0.0,PE - flowers
1112,consoles_games,PI,40.84,0.0,PI - consoles_games
1113,fashio_female_clothing,PR,14.65,0.0,PR - fashio_female_clothing
1114,food,AL,25.68,0.0,AL - food
1115,computers,AM,44.74,0.0,AM - computers
1116,fashion_bags_accessories,AM,25.7,0.0,AM - fashion_bags_accessories
1117,costruction_tools_garden,PE,38.87,0.0,PE - costruction_tools_garden
1118,small_appliances,RO,25.25,0.0,RO - small_appliances
1119,market_place,AM,22.06,0.0,AM - market_place
1120,small_appliances,PB,53.74,0.0,PB - small_appliances
1121,dvds_blu_ray,RJ,18.64,0.0,RJ - dvds_blu_ray
1122,drinks,PI,22.95,0.0,PI - drinks
1123,food_drink,PI,21.91,0.0,PI - food_drink
1124,market_place,TO,17.72,0.0,TO - market_place
1125,signaling_and_security,MS,24.22,0.0,MS - signaling_and_security
1126,luggage_accessories,RN,170.11,0.0,RN - luggage_accessories
1127,pet_shop,PA,45.85,0.0,PA - pet_shop
1128,small_appliances_home_oven_and_coffee,MG,30.04,0.0,MG - small_appliances_home_oven_and_coffee
1129,kitchen_dining_laundry_garden_furniture,BA,21.84,0.0,BA - kitchen_dining_laundry_garden_furniture
1130,fashio_female_clothing,DF,18.16,0.0,DF - fashio_female_clothing
1131,construction_tools_safety,RN,51.69,0.0,RN - construction_tools_safety
1132,dvds_blu_ray,RS,24.95,0.0,RS - dvds_blu_ray
1133,stationery,PI,37.81,0.0,PI - stationery
1134,books_general_interest,PB,25.25,0.0,PB - books_general_interest
1135,home_construction,PB,55.25,0.0,PB - home_construction
1136,home_appliances,PA,28.41,0.0,PA - home_appliances
1137,baby,RO,41.83,0.0,RO - baby
1138,electronics,AM,21.58,0.0,AM - electronics
1139,fashion_shoes,CE,33.89,0.0,CE - fashion_shoes
1140,auto,AP,63.43,0.0,AP - auto
1141,fixed_telephony,RS,16.43,0.0,RS - fixed_telephony
1142,furniture_living_room,ES,32.91,0.0,ES - furniture_living_room
1143,kitchen_dining_laundry_garden_furniture,RS,33.96,0.0,RS - kitchen_dining_laundry_garden_furniture
1144,art,RS,17.86,0.0,RS - art
1145,agro_industry_and_commerce,PI,36.68,0.0,PI - agro_industry_and_commerce
1146,books_general_interest,SE,21.35,0.0,SE - books_general_interest
1147,drinks,CE,26.9,0.0,CE - drinks
1148,air_conditioning,MT,17.11,0.0,MT - air_conditioning
1149,toys,SE,32.88,0.0,SE - toys
1150,telephony,RR,27.17,0.0,RR - telephony
1151,security_and_services,RO,25.77,0.0,RO - security_and_services
1152,costruction_tools_tools,MG,18.01,0.0,MG - costruction_tools_tools
1153,construction_tools_safety,PR,20.63,0.0,PR - construction_tools_safety
1154,books_technical,SC,18.46,0.0,SC - books_technical
1155,cds_dvds_musicals,RS,16.11,0.0,RS - cds_dvds_musicals
1156,fashio_female_clothing,MG,15.63,0.0,MG - fashio_female_clothing
1157,air_conditioning,AL,103.89,0.0,AL - air_conditioning
1158,computers,RO,52.61,0.0,RO - computers
1159,fashion_childrens_clothes,SC,11.61,0.0,SC - fashion_childrens_clothes
1160,tablets_printing_image,ES,16.81,0.0,ES - tablets_printing_image
1161,fashion_bags_accessories,SE,26.49,0.0,SE - fashion_bags_accessories
1162,perfumery,AC,25.56,0.0,AC - perfumery
1163,books_technical,PA,32.12,0.0,PA - books_technical
1164,stationery,RR,25.52,0.0,RR - stationery
1165,music,RS,23.17,0.0,RS - music
1166,market_place,PE,21.37,0.0,PE - market_place
1167,sports_leisure,AP,28.86,0.0,AP - sports_leisure
1168,industry_commerce_and_business,TO,59.63,0.0,TO - industry_commerce_and_business
1169,food_drink,RS,24.02,0.0,RS - food_drink
1170,bed_bath_table,AC,39.38,0.0,AC - bed_bath_table
1171,home_construction,SE,52.03,0.0,SE - home_construction
1172,tablets_printing_image,AM,22.85,0.0,AM - tablets_printing_image
1173,arts_and_craftmanship,MG,23.1,0.0,MG - arts_and_craftmanship
1174,books_imported,PR,16.86,0.0,PR - books_imported
1175,industry_commerce_and_business,ES,43.81,0.0,ES - industry_commerce_and_business
1176,small_appliances,ES,22.43,0.0,ES - small_appliances
1177,food_drink,CE,21.09,0.0,CE - food_drink
1178,signaling_and_security,PA,36.12,0.0,PA - signaling_and_security
1179,costruction_tools_garden,ES,20.35,0.0,ES - costruction_tools_garden
1180,construction_tools_construction,PA,34.07,0.0,PA - construction_tools_construction
1181,costruction_tools_garden,AM,24.78,0.0,AM - costruction_tools_garden
1182,home_confort,MT,23.24,0.0,MT - home_confort
1183,tablets_printing_image,GO,18.12,0.0,GO - tablets_printing_image
1184,christmas_supplies,MT,29.6,0.0,MT - christmas_supplies
1185,musical_instruments,AL,53.29,0.0,AL - musical_instruments
1186,fashion_male_clothing,MT,36.35,0.0,MT - fashion_male_clothing
1187,furniture_bedroom,SC,52.31,0.0,SC - furniture_bedroom
1188,furniture_living_room,TO,72.82,0.0,TO - furniture_living_room
1189,costruction_tools_garden,GO,27.9,0.0,GO - costruction_tools_garden
1190,computers,SE,24.3,0.0,SE - computers
1191,la_cuisine,RS,29.22,0.0,RS - la_cuisine
1192,cool_stuff,AC,30.23,0.0,AC - cool_stuff
1193,computers_accessories,AC,32.23,0.0,AC - computers_accessories
1194,market_place,PB,18.75,0.0,PB - market_place
1195,party_supplies,RS,16.98,0.0,RS - party_supplies
1196,sports_leisure,AM,30.8,0.0,AM - sports_leisure
1197,flowers,ES,16.2,0.0,ES - flowers
1198,auto,AM,25.51,0.0,AM - auto
1199,books_general_interest,RO,22.67,0.0,RO - books_general_interest
1200,fashion_bags_accessories,RO,34.31,0.0,RO - fashion_bags_accessories
1201,home_comfort_2,ES,15.1,0.0,ES - home_comfort_2
1202,computers,PB,60.32,0.0,PB - computers
1203,market_place,RO,59.49,0.0,RO - market_place
1204,watches_gifts,RO,32.2,0.0,RO - watches_gifts
1205,furniture_decor,RO,47.23,0.0,RO - furniture_decor
1206,flowers,GO,16.11,0.0,GO - flowers
1207,audio,MS,16.09,0.0,MS - audio
1208,home_construction,PE,58.6,0.0,PE - home_construction
1209,furniture_mattress_and_upholstery,GO,62.41,0.0,GO - furniture_mattress_and_upholstery
1210,toys,RO,34.29,0.0,RO - toys
1211,market_place,SE,33.08,0.0,SE - market_place
1212,drinks,GO,18.92,0.0,GO - drinks
1213,,AC,30.22,0.0,
1214,art,GO,24.32,0.0,GO - art
1215,consoles_games,AM,38.98,0.0,AM - consoles_games
1216,pet_shop,DF,24.53,0.0,DF - pet_shop
1217,air_conditioning,MG,22.42,0.0,MG - air_conditioning
1218,musical_instruments,DF,46.96,0.0,DF - musical_instruments
1219,fashion_shoes,ES,21.17,0.0,ES - fashion_shoes
1220,computers,RJ,54.46,0.0,RJ - computers
1221,furniture_bedroom,RN,44.11,0.0,RN - furniture_bedroom
1222,home_appliances,RN,46.7,0.0,RN - home_appliances
1223,fashion_male_clothing,MG,16.62,0.0,MG - fashion_male_clothing
1224,luggage_accessories,MT,25.91,0.0,MT - luggage_accessories
1225,drinks,AM,35.67,0.0,AM - drinks
1226,art,ES,26.89,0.0,ES - art
1227,christmas_supplies,DF,22.64,0.0,DF - christmas_supplies
1228,furniture_living_room,RS,45.53,0.0,RS - furniture_living_room
1229,housewares,AC,44.3,0.0,AC - housewares
1230,drinks,ES,28.74,0.0,ES - drinks
1231,home_confort,DF,15.86,0.0,DF - home_confort
1232,office_furniture,PA,67.33,0.0,PA - office_furniture
1233,signaling_and_security,PR,38.76,0.0,PR - signaling_and_security
1234,furniture_decor,RR,36.3,0.0,RR - furniture_decor
1235,kitchen_dining_laundry_garden_furniture,GO,46.58,0.0,GO - kitchen_dining_laundry_garden_furniture
1236,agro_industry_and_commerce,RO,34.15,0.0,RO - agro_industry_and_commerce
1237,fashion_shoes,GO,23.86,0.0,GO - fashion_shoes
1238,furniture_bedroom,PR,10.11,0.0,PR - furniture_bedroom
1239,art,AP,40.98,0.0,AP - art
1240,home_appliances_2,RN,90.56,0.0,RN - home_appliances_2
1241,small_appliances_home_oven_and_coffee,SC,34.82,0.0,SC - small_appliances_home_oven_and_coffee
1242,small_appliances,CE,48.16,0.0,CE - small_appliances
1243,fixed_telephony,AP,24.84,0.0,AP - fixed_telephony
1244,agro_industry_and_commerce,PB,33.65,0.0,PB - agro_industry_and_commerce
1245,audio,MA,41.7,0.0,MA - audio
1246,music,GO,78.15,0.0,GO - music
1247,food,RN,43.26,0.0,RN - food
1248,fixed_telephony,GO,17.44,0.0,GO - fixed_telephony
1249,consoles_games,TO,34.23,0.0,TO - consoles_games
1250,market_place,PI,39.99,0.0,PI - market_place
1251,air_conditioning,DF,22.2,0.0,DF - air_conditioning
1252,cine_photo,SC,26.67,0.0,SC - cine_photo
1253,fashion_male_clothing,MA,35.74,0.0,MA - fashion_male_clothing
1254,tablets_printing_image,CE,17.63,0.0,CE - tablets_printing_image
1255,air_conditioning,MA,23.71,0.0,MA - air_conditioning
1256,fashio_female_clothing,MT,22.18,0.0,MT - fashio_female_clothing
1257,fixed_telephony,TO,26.79,0.0,TO - fixed_telephony
1258,party_supplies,ES,18.25,0.0,ES - party_supplies
1259,fashion_sport,RS,15.58,0.0,RS - fashion_sport
1260,watches_gifts,RR,68.45,0.0,RR - watches_gifts
1261,christmas_supplies,MA,38.37,0.0,MA - christmas_supplies
1262,flowers,RS,16.45,0.0,RS - flowers
1263,kitchen_dining_laundry_garden_furniture,ES,18.94,0.0,ES - kitchen_dining_laundry_garden_furniture
1264,fixed_telephony,ES,23.35,0.0,ES - fixed_telephony
1265,party_supplies,GO,22.06,0.0,GO - party_supplies
1266,baby,RR,44.54,0.0,RR - baby
1267,computers,PI,68.53,0.0,PI - computers
1268,music,AM,22.85,0.0,AM - music
1269,books_imported,PA,19.37,0.0,PA - books_imported
1270,books_general_interest,PI,25.49,0.0,PI - books_general_interest
1271,stationery,RO,32.96,0.0,RO - stationery
1272,la_cuisine,GO,0.11,0.0,GO - la_cuisine
1273,fashion_shoes,TO,29.8,0.0,TO - fashion_shoes
1274,dvds_blu_ray,GO,8.11,0.0,GO - dvds_blu_ray
1275,construction_tools_lights,PA,19.11,0.0,PA - construction_tools_lights
1276,kitchen_dining_laundry_garden_furniture,TO,85.61,0.0,TO - kitchen_dining_laundry_garden_furniture
1277,fixed_telephony,AM,21.15,0.0,AM - fixed_telephony
1278,home_comfort_2,RS,19.36,0.0,RS - home_comfort_2
1279,diapers_and_hygiene,CE,20.69,0.0,CE - diapers_and_hygiene
1280,consoles_games,AP,51.32,0.0,AP - consoles_games
1281,books_technical,RN,35.77,0.0,RN - books_technical
1282,signaling_and_security,RN,25.02,0.0,RN - signaling_and_security
1283,costruction_tools_tools,MT,32.16,0.0,MT - costruction_tools_tools
1284,fashion_underwear_beach,PI,34.86,0.0,PI - fashion_underwear_beach
1285,tablets_printing_image,RS,16.39,0.0,RS - tablets_printing_image
1286,art,AM,32.33,0.0,AM - art
1287,books_imported,SC,15.23,0.0,SC - books_imported
1288,home_construction,BA,38.49,0.0,BA - home_construction
1289,,RN,30.62,0.0,
1290,musical_instruments,MA,50.17,0.0,MA - musical_instruments
1291,telephony,AC,33.49,0.0,AC - telephony
1292,,RO,39.27,0.0,
1293,pet_shop,TO,25.87,0.0,TO - pet_shop
1294,food,SE,18.89,0.0,SE - food
1295,construction_tools_construction,PE,57.03,0.0,PE - construction_tools_construction
1296,industry_commerce_and_business,MT,35.69,0.0,MT - industry_commerce_and_business
1297,construction_tools_construction,RO,47.77,0.0,RO - construction_tools_construction
1298,construction_tools_safety,BA,23.09,0.0,BA - construction_tools_safety
1299,home_construction,PA,28.4,0.0,PA - home_construction
1300,audio,GO,16.7,0.0,GO - audio
1301,cool_stuff,PI,34.6,0.0,PI - cool_stuff
1302,la_cuisine,MG,25.01,0.0,MG - la_cuisine
1303,small_appliances,MT,31.41,0.0,MT - small_appliances
1304,home_appliances,PE,30.64,0.0,PE - home_appliances
1305,books_imported,BA,16.98,0.0,BA - books_imported
1306,air_conditioning,GO,31.34,0.0,GO - air_conditioning
1307,fashion_shoes,DF,20.0,0.0,DF - fashion_shoes
1308,kitchen_dining_laundry_garden_furniture,DF,75.89,0.0,DF - kitchen_dining_laundry_garden_furniture
1309,drinks,DF,18.04,0.0,DF - drinks
1310,fashion_underwear_beach,PA,21.54,0.0,PA - fashion_underwear_beach
1311,furniture_living_room,AL,57.21,0.0,AL - furniture_living_room
1312,home_construction,SC,23.93,0.0,SC - home_construction
1313,luggage_accessories,CE,41.88,0.0,CE - luggage_accessories
1314,music,DF,15.48,0.0,DF - music
1315,la_cuisine,SP,23.91,0.0,SP - la_cuisine
1316,furniture_living_room,MT,38.27,0.0,MT - furniture_living_room
1317,fixed_telephony,DF,15.87,0.0,DF - fixed_telephony
1318,furniture_living_room,MS,55.44,0.0,MS - furniture_living_room
1319,christmas_supplies,GO,37.25,0.0,GO - christmas_supplies
1320,books_imported,RJ,17.38,0.0,RJ - books_imported
1321,party_supplies,MG,22.8,0.0,MG - party_supplies
1322,industry_commerce_and_business,MS,23.5,0.0,MS - industry_commerce_and_business
1323,flowers,MS,15.1,0.0,MS - flowers
1324,food_drink,DF,16.72,0.0,DF - food_drink
1325,construction_tools_lights,BA,36.75,0.0,BA - construction_tools_lights
1326,fashion_male_clothing,GO,27.46,0.0,GO - fashion_male_clothing
1327,music,MG,17.21,0.0,MG - music
1328,books_technical,PE,24.04,0.0,PE - books_technical
1329,construction_tools_construction,PB,53.94,0.0,PB - construction_tools_construction
1330,construction_tools_construction,SE,67.48,0.0,SE - construction_tools_construction
1331,musical_instruments,AP,27.52,0.0,AP - musical_instruments
1332,home_confort,TO,96.61,0.0,TO - home_confort
1333,health_beauty,AC,38.35,0.0,AC - health_beauty
1334,home_appliances_2,SE,62.86,0.0,SE - home_appliances_2
1335,home_appliances,RO,51.64,0.0,RO - home_appliances
1336,food,PB,30.63,0.0,PB - food
1337,drinks,MG,18.82,0.0,MG - drinks
1338,tablets_printing_image,MT,18.3,0.0,MT - tablets_printing_image
1339,market_place,PA,26.29,0.0,PA - market_place
1340,small_appliances_home_oven_and_coffee,RJ,45.95,0.0,RJ - small_appliances_home_oven_and_coffee
1341,art,DF,19.81,0.0,DF - art
1342,musical_instruments,GO,25.49,0.0,GO - musical_instruments
1343,cds_dvds_musicals,SP,9.94,0.0,SP - cds_dvds_musicals
1344,furniture_bedroom,SE,71.79,0.0,SE - furniture_bedroom
1345,cool_stuff,RR,29.99,0.0,RR - cool_stuff
1346,computers,SC,51.19,0.0,SC - computers
1347,furniture_bedroom,PE,98.98,0.0,PE - furniture_bedroom
1348,musical_instruments,TO,34.15,0.0,TO - musical_instruments
1349,home_appliances_2,PE,96.0,0.0,PE - home_appliances_2
1350,audio,AM,24.63,0.0,AM - audio
1351,small_appliances,MS,17.89,0.0,MS - small_appliances
1352,pet_shop,AP,14.0,0.0,AP - pet_shop
1353,perfumery,RR,28.99,0.0,RR - perfumery
1354,computers_accessories,RR,42.03,0.0,RR - computers_accessories
1355,christmas_supplies,ES,17.58,0.0,ES - christmas_supplies
1356,musical_instruments,AM,78.2,0.0,AM - musical_instruments
1357,cds_dvds_musicals,MA,52.58,0.0,MA - cds_dvds_musicals
1358,home_appliances,PB,54.65,0.0,PB - home_appliances
1359,party_supplies,DF,38.53,0.0,DF - party_supplies
1360,pet_shop,AM,41.57,0.0,AM - pet_shop
1361,office_furniture,RR,144.86,0.0,RR - office_furniture
1362,home_appliances,SE,48.0,0.0,SE - home_appliances
1363,stationery,AC,58.93,0.0,AC - stationery
1364,costruction_tools_garden,MS,27.77,0.0,MS - costruction_tools_garden
1365,costruction_tools_tools,CE,20.7,0.0,CE - costruction_tools_tools
1366,garden_tools,AP,30.1,0.0,AP - garden_tools
1367,books_general_interest,PA,17.78,0.0,PA - books_general_interest
1368,fashion_shoes,MA,25.38,0.0,MA - fashion_shoes
1369,fixed_telephony,MA,34.43,0.0,MA - fixed_telephony
1370,consoles_games,DF,18.34,0.0,DF - consoles_games
1371,construction_tools_lights,PI,51.93,0.0,PI - construction_tools_lights
1372,party_supplies,SP,14.34,0.0,SP - party_supplies
1373,signaling_and_security,PB,299.16,0.0,PB - signaling_and_security
1374,tablets_printing_image,MS,16.39,0.0,MS - tablets_printing_image
1375,air_conditioning,AM,25.11,0.0,AM - air_conditioning
1376,signaling_and_security,PE,38.4,0.0,PE - signaling_and_security
1377,food,RO,27.46,0.0,RO - food
1378,garden_tools,AM,57.38,0.0,AM - garden_tools
1379,,PB,36.06,0.0,
1380,,SE,24.65,0.0,
1381,art,MG,18.52,0.0,MG - art
